,referralId,reasons.count,reasons.items,venue.id,venue.name,venue.location.address,venue.location.crossStreet,venue.location.lat,venue.location.lng,venue.location.labeledLatLngs,venue.location.cc,venue.location.city,venue.location.state,venue.location.country,venue.location.formattedAddress,venue.categories,venue.photos.count,venue.photos.groups,venue.location.postalCode,venue.location.neighborhood,venue.venuePage.id,flags.outsideRadius
0,e-0-5053a792e4b0a13301e8e95d-0,0,"[{'summary': 'This spot is popular', 'type': 'general', 'reasonName': 'globalInteractionReason'}]",5053a792e4b0a13301e8e95d,Great Dane Coffee,6011 Walter Gage Road,at St. Andrew’s Walk,49.2700492261176,-123.25073709585315,"[{'label': 'display', 'lat': 49.2700492261176, 'lng': -123.25073709585315}]",CA,Vancouver,BC,Canada,"['6011 Walter Gage Road (at St. Andrew’s Walk)', 'Vancouver BC', 'Canada']","[{'id': '4bf58dd8d48988d16d941735', 'name': 'Café', 'pluralName': 'Cafés', 'shortName': 'Café', 'icon': {'prefix': 'https://ss3.4sqi.net/img/categories_v2/food/cafe_', 'suffix': '.png'}, 'primary': True}]",0,[],,,,
1,e-0-5d1afb3b7226a5002304308e-1,0,"[{'summary': 'This spot is popular', 'type': 'general', 'reasonName': 'globalInteractionReason'}]",5d1afb3b7226a5002304308e,Tim Hortons,6501 Main St,49th Ave,49.225581,-123.101832,"[{'label': 'display', 'lat': 49.225581, 'lng': -123.101832}]",CA,Vancouver,BC,Canada,"['6501 Main St (49th Ave)', 'Vancouver BC V5X', 'Canada']","[{'id': '4bf58dd8d48988d1e0931735', 'name': 'Coffee Shop', 'pluralName': 'Coffee Shops', 'shortName': 'Coffee Shop', 'icon': {'prefix': 'https://ss3.4sqi.net/img/categories_v2/food/coffeeshop_', 'suffix': '.png'}, 'primary': True}]",0,[],V5X,,,
2,e-0-4b6e30b0f964a520a5b02ce3-2,0,"[{'summary': 'This spot is popular', 'type': 'general', 'reasonName': 'globalInteractionReason'}]",4b6e30b0f964a520a5b02ce3,Tim Hortons,1384 Main St,at Harbour Ave,49.30660011782691,-123.03447984158993,"[{'label': 'display', 'lat': 49.30660011782691, 'lng': -123.03447984158993}]",CA,North Vancouver,BC,Canada,"['1384 Main St (at Harbour Ave)', 'North Vancouver BC V7J 1C6', 'Canada']","[{'id': '4bf58dd8d48988d1e0931735', 'name': 'Coffee Shop', 'pluralName': 'Coffee Shops', 'shortName': 'Coffee Shop', 'icon': {'prefix': 'https://ss3.4sqi.net/img/categories_v2/food/coffeeshop_', 'suffix': '.png'}, 'primary': True}]",0,[],V7J 1C6,,,
3,e-0-4aa6a5e6f964a5207e4a20e3-3,0,"[{'summary': 'This spot is popular', 'type': 'general', 'reasonName': 'globalInteractionReason'}]",4aa6a5e6f964a5207e4a20e3,Tim Hortons,200 Burrard St,btwn Burrard & Howe,49.2877056,-123.114904,"[{'label': 'display', 'lat': 49.2877056, 'lng': -123.114904}]",CA,Vancouver,BC,Canada,"['200 Burrard St (btwn Burrard & Howe)', 'Vancouver BC V6C 3L6', 'Canada']","[{'id': '4bf58dd8d48988d1e0931735', 'name': 'Coffee Shop', 'pluralName': 'Coffee Shops', 'shortName': 'Coffee Shop', 'icon': {'prefix': 'https://ss3.4sqi.net/img/categories_v2/food/coffeeshop_', 'suffix': '.png'}, 'primary': True}]",0,[],V6C 3L6,,,
4,e-0-60c0e6aabc1aaf0666085360-4,0,"[{'summary': 'This spot is popular', 'type': 'general', 'reasonName': 'globalInteractionReason'}]",60c0e6aabc1aaf0666085360,Nemesis Coffee,555 Great Northern Way,btwn Thornton & Carolina,49.26707295886127,-123.09262812137604,"[{'label': 'display', 'lat': 49.26707295886127, 'lng': -123.09262812137604}]",CA,Vancouver,BC,Canada,"['555 Great Northern Way (btwn Thornton & Carolina)', 'Vancouver BC V5T 1E1', 'Canada']","[{'id': '4bf58dd8d48988d1e0931735', 'name': 'Coffee Shop', 'pluralName': 'Coffee Shops', 'shortName': 'Coffee Shop', 'icon': {'prefix': 'https://ss3.4sqi.net/img/categories_v2/food/coffeeshop_', 'suffix': '.png'}, 'primary': True}]",0,[],V5T 1E1,,,
5,e-0-6110612c9eca6a020ef4b9f9-5,0,"[{'summary': 'This spot is popular', 'type': 'general', 'reasonName': 'globalInteractionReason'}]",6110612c9eca6a020ef4b9f9,Liberte Cafe and Restaurant,3670 Vanness Avenue,Ormidale,49.234653,-123.024569,"[{'label': 'display', 'lat': 49.234653, 'lng': -123.024569}]",CA,Vancouver,BC,Canada,"['3670 Vanness Avenue (Ormidale)', 'Vancouver BC V5R 0G7', 'Canada']","[{'id': '4bf58dd8d48988d16d941735', 'name': 'Café', 'pluralName': 'Cafés', 'shortName': 'Café', 'icon': {'prefix': 'https://ss3.4sqi.net/img/categories_v2/food/cafe_', 'suffix': '.png'}, 'primary': True}]",0,[],V5R 0G7,,,
6,e-0-4abf0cc7f964a520c59020e3-6,0,"[{'summary': 'This spot is popular', 'type': 'general', 'reasonName': 'globalInteractionReason'}]",4abf0cc7f964a520c59020e3,Tim Hortons,9731 Bridgeport Rd,,49.1922796684756,-123.11618529260159,"[{'label': 'display', 'lat': 49.1922796684756, 'lng': -123.11618529260159}]",CA,Richmond,BC,Canada,"['9731 Bridgeport Rd', 'Richmond BC V6X 1S3', 'Canada']","[{'id': '4bf58dd8d48988d1e0931735', 'name': 'Coffee Shop', 'pluralName': 'Coffee Shops', 'shortName': 'Coffee Shop', 'icon': {'prefix': 'https://ss3.4sqi.net/img/categories_v2/food/coffeeshop_', 'suffix': '.png'}, 'primary': True}]",0,[],V6X 1S3,,,
7,e-0-4ad4ea41f964a520aafc20e3-7,0,"[{'summary': 'This spot is popular', 'type': 'general', 'reasonName': 'globalInteractionReason'}]",4ad4ea41f964a520aafc20e3,The Boulevard Coffee Roasting Co.,5970 University Blvd,at Wesbrook Mall,49.26613681791866,-123.24650099678563,"[{'label': 'display', 'lat': 49.26613681791866, 'lng': -123.24650099678563}]",CA,Vancouver,BC,Canada,"['5970 University Blvd (at Wesbrook Mall)', 'Vancouver BC V6T 1Z3', 'Canada']","[{'id': '4bf58dd8d48988d1e0931735', 'name': 'Coffee Shop', 'pluralName': 'Coffee Shops', 'shortName': 'Coffee Shop', 'icon': {'prefix': 'https://ss3.4sqi.net/img/categories_v2/food/coffeeshop_', 'suffix': '.png'}, 'primary': True}]",0,[],V6T 1Z3,UBC,,
8,e-0-4aba526df964a520df8020e3-8,0,"[{'summary': 'This spot is popular', 'type': 'general', 'reasonName': 'globalInteractionReason'}]",4aba526df964a520df8020e3,Tim Hortons,805 Boyd St,at Queensborough Landing,49.19058547687921,-122.94849023222923,"[{'label': 'display', 'lat': 49.19058547687921, 'lng': -122.94849023222923}]",CA,New Westminster,BC,Canada,"['805 Boyd St (at Queensborough Landing)', 'New Westminster BC V3M 5X2', 'Canada']","[{'id': '4bf58dd8d48988d1e0931735', 'name': 'Coffee Shop', 'pluralName': 'Coffee Shops', 'shortName': 'Coffee Shop', 'icon': {'prefix': 'https://ss3.4sqi.net/img/categories_v2/food/coffeeshop_', 'suffix': '.png'}, 'primary': True}]",0,[],V3M 5X2,,,
9,e-0-50c68ae6e4b0860fb515014a-9,0,"[{'summary': 'This spot is popular', 'type': 'general', 'reasonName': 'globalInteractionReason'}]",50c68ae6e4b0860fb515014a,DAVIDsTEA,701 W Georgia St D #038D,,49.28380789641614,-123.11705058323564,"[{'label': 'display', 'lat': 49.28380789641614, 'lng': -123.11705058323564}]",CA,Vancouver,BC,Canada,"['701 W Georgia St D #038D', 'Vancouver BC V7Y 1G5', 'Canada']","[{'id': '4bf58dd8d48988d1dc931735', 'name': 'Tea Room', 'pluralName': 'Tea Rooms', 'shortName': 'Tea Room', 'icon': {'prefix': 'https://ss3.4sqi.net/img/categories_v2/food/tearoom_', 'suffix': '.png'}, 'primary': True}]",0,[],V7Y 1G5,,1359069106,
10,e-0-4b4a2eaaf964a520af7d26e3-10,0,"[{'summary': 'This spot is popular', 'type': 'general', 'reasonName': 'globalInteractionReason'}]",4b4a2eaaf964a520af7d26e3,Tim Hortons,306 Terminal Ave,at Station St.,49.272134371723766,-123.09770554304123,"[{'label': 'display', 'lat': 49.272134371723766, 'lng': -123.09770554304123}]",CA,Vancouver,BC,Canada,"['306 Terminal Ave (at Station St.)', 'Vancouver BC V6A 3W9', 'Canada']","[{'id': '4bf58dd8d48988d1e0931735', 'name': 'Coffee Shop', 'pluralName': 'Coffee Shops', 'shortName': 'Coffee Shop', 'icon': {'prefix': 'https://ss3.4sqi.net/img/categories_v2/food/coffeeshop_', 'suffix': '.png'}, 'primary': True}]",0,[],V6A 3W9,,,
11,e-0-4b84799ff964a520b83731e3-11,0,"[{'summary': 'This spot is popular', 'type': 'general', 'reasonName': 'globalInteractionReason'}]",4b84799ff964a520b83731e3,Bean Around The World,6308 Thunderbird Blvd,,49.25873602519743,-123.24828035789865,"[{'label': 'display', 'lat': 49.25873602519743, 'lng': -123.24828035789865}]",CA,Vancouver,BC,Canada,"['6308 Thunderbird Blvd', 'Vancouver BC', 'Canada']","[{'id': '4bf58dd8d48988d1e0931735', 'name': 'Coffee Shop', 'pluralName': 'Coffee Shops', 'shortName': 'Coffee Shop', 'icon': {'prefix': 'https://ss3.4sqi.net/img/categories_v2/food/coffeeshop_', 'suffix': '.png'}, 'primary': True}]",0,[],,,,
12,e-0-4b6da5d1f964a52010832ce3-12,0,"[{'summary': 'This spot is popular', 'type': 'general', 'reasonName': 'globalInteractionReason'}]",4b6da5d1f964a52010832ce3,Tim Hortons / Esso,106 West Queens,Lonsdale,49.3368018937432,-123.072734177112,"[{'label': 'display', 'lat': 49.3368018937432, 'lng': -123.072734177112}]",CA,North Vancouver,BC,Canada,"['106 West Queens (Lonsdale)', 'North Vancouver BC V7N 2K3', 'Canada']","[{'id': '4bf58dd8d48988d1e0931735', 'name': 'Coffee Shop', 'pluralName': 'Coffee Shops', 'shortName': 'Coffee Shop', 'icon': {'prefix': 'https://ss3.4sqi.net/img/categories_v2/food/coffeeshop_', 'suffix': '.png'}, 'primary': True}]",0,[],V7N 2K3,,,
13,e-0-59aa3ef0005ac1061cd84f94-13,0,"[{'summary': 'This spot is popular', 'type': 'general', 'reasonName': 'globalInteractionReason'}]",59aa3ef0005ac1061cd84f94,Tim Hortons,2889 East 12th Avenue,,49.25937248687328,-123.04468982209016,"[{'label': 'display', 'lat': 49.25937248687328, 'lng': -123.04468982209016}]",CA,Vancouver,BC,Canada,"['2889 East 12th Avenue', 'Vancouver BC V5M 4T5', 'Canada']","[{'id': '4bf58dd8d48988d1e0931735', 'name': 'Coffee Shop', 'pluralName': 'Coffee Shops', 'shortName': 'Coffee Shop', 'icon': {'prefix': 'https://ss3.4sqi.net/img/categories_v2/food/coffeeshop_', 'suffix': '.png'}, 'primary': True}]",0,[],V5M 4T5,,,
14,e-0-5821135a31e59d538d0e4b2a-14,0,"[{'summary': 'This spot is popular', 'type': 'general', 'reasonName': 'globalInteractionReason'}]",5821135a31e59d538d0e4b2a,Starbucks,720 Granville St,btwn Georgia & Dunsmuir,49.282082,-123.118452,"[{'label': 'display', 'lat': 49.282082, 'lng': -123.118452}]",CA,Vancouver,BC,Canada,"['720 Granville St (btwn Georgia & Dunsmuir)', 'Vancouver BC V6Z 1E4', 'Canada']","[{'id': '4bf58dd8d48988d1e0931735', 'name': 'Coffee Shop', 'pluralName': 'Coffee Shops', 'shortName': 'Coffee Shop', 'icon': {'prefix': 'https://ss3.4sqi.net/img/categories_v2/food/coffeeshop_', 'suffix': '.png'}, 'primary': True}]",0,[],V6Z 1E4,,,
15,e-0-4ace051ef964a520eccd20e3-15,0,"[{'summary': 'This spot is popular', 'type': 'general', 'reasonName': 'globalInteractionReason'}]",4ace051ef964a520eccd20e3,Tim Hortons,"11320 Steveston Hwy, Unit 110",in Coppersmith Plaza,49.13304934932705,-123.09823796153069,"[{'label': 'display', 'lat': 49.13304934932705, 'lng': -123.09823796153069}]",CA,Richmond,BC,Canada,"['11320 Steveston Hwy, Unit 110 (in Coppersmith Plaza)', 'Richmond BC V7A 5J5', 'Canada']","[{'id': '4bf58dd8d48988d1e0931735', 'name': 'Coffee Shop', 'pluralName': 'Coffee Shops', 'shortName': 'Coffee Shop', 'icon': {'prefix': 'https://ss3.4sqi.net/img/categories_v2/food/coffeeshop_', 'suffix': '.png'}, 'primary': True}]",0,[],V7A 5J5,,,
16,e-0-4c5dc0359b28d13ac7845a70-16,0,"[{'summary': 'This spot is popular', 'type': 'general', 'reasonName': 'globalInteractionReason'}]",4c5dc0359b28d13ac7845a70,Tim Hortons,4151 #3 Rd,btwn Cambie and Browngate,49.18372193200601,-123.13710138212627,"[{'label': 'display', 'lat': 49.18372193200601, 'lng': -123.13710138212627}]",CA,Richmond,BC,Canada,"['4151 #3 Rd (btwn Cambie and Browngate)', 'Richmond BC V6X 2C3', 'Canada']","[{'id': '4bf58dd8d48988d1e0931735', 'name': 'Coffee Shop', 'pluralName': 'Coffee Shops', 'shortName': 'Coffee Shop', 'icon': {'prefix': 'https://ss3.4sqi.net/img/categories_v2/food/coffeeshop_', 'suffix': '.png'}, 'primary': True}]",0,[],V6X 2C3,,,
17,e-0-4b1e80a9f964a520a41a24e3-17,0,"[{'summary': 'This spot is popular', 'type': 'general', 'reasonName': 'globalInteractionReason'}]",4b1e80a9f964a520a41a24e3,Tim Hortons,"6551 #3 Rd, Unit #1602",Richmond Centre East,49.1659509,-123.1376634,"[{'label': 'display', 'lat': 49.1659509, 'lng': -123.1376634}]",CA,Richmond,BC,Canada,"['6551 #3 Rd, Unit #1602 (Richmond Centre East)', 'Richmond BC V6Y 2B6', 'Canada']","[{'id': '4bf58dd8d48988d1e0931735', 'name': 'Coffee Shop', 'pluralName': 'Coffee Shops', 'shortName': 'Coffee Shop', 'icon': {'prefix': 'https://ss3.4sqi.net/img/categories_v2/food/coffeeshop_', 'suffix': '.png'}, 'primary': True}]",0,[],V6Y 2B6,,,
18,e-0-4ad5e05df964a520d00321e3-18,0,"[{'summary': 'This spot is popular', 'type': 'general', 'reasonName': 'globalInteractionReason'}]",4ad5e05df964a520d00321e3,Tim Hortons,6641 Kingsway,Sperling,49.219021,-122.966418,"[{'label': 'display', 'lat': 49.219021, 'lng': -122.966418}]",CA,Burnaby,BC,Canada,"['6641 Kingsway (Sperling)', 'Burnaby BC V5E 1E2', 'Canada']","[{'id': '4bf58dd8d48988d1e0931735', 'name': 'Coffee Shop', 'pluralName': 'Coffee Shops', 'shortName': 'Coffee Shop', 'icon': {'prefix': 'https://ss3.4sqi.net/img/categories_v2/food/coffeeshop_', 'suffix': '.png'}, 'primary': True}]",0,[],V5E 1E2,,,
19,e-0-536e9f95498e6848bdd6dccf-19,0,"[{'summary': 'This spot is popular', 'type': 'general', 'reasonName': 'globalInteractionReason'}]",536e9f95498e6848bdd6dccf,Tim Hortons,109-5000 Miller Rd,,49.19181295359602,-123.16891322453694,"[{'label': 'display', 'lat': 49.19181295359602, 'lng': -123.16891322453694}]",CA,Richmond,BC,Canada,"['109-5000 Miller Rd', 'Richmond BC V7B 1K6', 'Canada']","[{'id': '4bf58dd8d48988d1e0931735', 'name': 'Coffee Shop', 'pluralName': 'Coffee Shops', 'shortName': 'Coffee Shop', 'icon': {'prefix': 'https://ss3.4sqi.net/img/categories_v2/food/coffeeshop_', 'suffix': '.png'}, 'primary': True}]",0,[],V7B 1K6,,,
20,e-0-4ad10493f964a520fddb20e3-20,0,"[{'summary': 'This spot is popular', 'type': 'general', 'reasonName': 'globalInteractionReason'}]",4ad10493f964a520fddb20e3,Tim Hortons,7380 Market Crossing Marine Wy,at Marine Way,49.199958,-122.98011,"[{'label': 'display', 'lat': 49.199958, 'lng': -122.98011}]",CA,Burnaby,BC,Canada,"['7380 Market Crossing Marine Wy (at Marine Way)', 'Burnaby BC V5J 3H6', 'Canada']","[{'id': '4bf58dd8d48988d1e0931735', 'name': 'Coffee Shop', 'pluralName': 'Coffee Shops', 'shortName': 'Coffee Shop', 'icon': {'prefix': 'https://ss3.4sqi.net/img/categories_v2/food/coffeeshop_', 'suffix': '.png'}, 'primary': True}]",0,[],V5J 3H6,,,
21,e-0-4bacd858f964a5204d113be3-21,0,"[{'summary': 'This spot is popular', 'type': 'general', 'reasonName': 'globalInteractionReason'}]",4bacd858f964a5204d113be3,Tim Hortons,2033 Main Mall-ubc Foodsrvc-trek Exp,University of British Columbia,49.265665,-123.25427262698372,"[{'label': 'display', 'lat': 49.265665, 'lng': -123.25427262698372}]",CA,Vancouver,BC,Canada,"['2033 Main Mall-ubc Foodsrvc-trek Exp (University of British Columbia)', 'Vancouver BC V6T 1Z2', 'Canada']","[{'id': '4bf58dd8d48988d1e0931735', 'name': 'Coffee Shop', 'pluralName': 'Coffee Shops', 'shortName': 'Coffee Shop', 'icon': {'prefix': 'https://ss3.4sqi.net/img/categories_v2/food/coffeeshop_', 'suffix': '.png'}, 'primary': True}]",0,[],V6T 1Z2,,,
22,e-0-4ab533aef964a520387320e3-22,0,"[{'summary': 'This spot is popular', 'type': 'general', 'reasonName': 'globalInteractionReason'}]",4ab533aef964a520387320e3,Waves Coffee House,1-4250 Kingsway,at Olive Ave,49.231794667881886,-123.00947418220305,"[{'label': 'display', 'lat': 49.231794667881886, 'lng': -123.00947418220305}]",CA,Burnaby,BC,Canada,"['1-4250 Kingsway (at Olive Ave)', 'Burnaby BC V5H 2T7', 'Canada']","[{'id': '4bf58dd8d48988d1e0931735', 'name': 'Coffee Shop', 'pluralName': 'Coffee Shops', 'shortName': 'Coffee Shop', 'icon': {'prefix': 'https://ss3.4sqi.net/img/categories_v2/food/coffeeshop_', 'suffix': '.png'}, 'primary': True}]",0,[],V5H 2T7,,,
23,e-0-573b2c2e38faeff59fd2ba1e-23,0,"[{'summary': 'This spot is popular', 'type': 'general', 'reasonName': 'globalInteractionReason'}]",573b2c2e38faeff59fd2ba1e,Bistro Verde,799 Robson Street,at Howe Street,49.28202467955721,-123.12022268772125,"[{'label': 'display', 'lat': 49.28202467955721, 'lng': -123.12022268772125}]",CA,Vancouver,BC,Canada,"['799 Robson Street (at Howe Street)', 'Vancouver BC V7Y 0A2', 'Canada']","[{'id': '4bf58dd8d48988d16d941735', 'name': 'Café', 'pluralName': 'Cafés', 'shortName': 'Café', 'icon': {'prefix': 'https://ss3.4sqi.net/img/categories_v2/food/cafe_', 'suffix': '.png'}, 'primary': True}]",0,[],V7Y 0A2,,,
24,e-0-4b499612f964a520807126e3-24,0,"[{'summary': 'This spot is popular', 'type': 'general', 'reasonName': 'globalInteractionReason'}]",4b499612f964a520807126e3,Tim Hortons,756 Davie St,at Howe St.,49.2774694,-123.1272225,"[{'label': 'display', 'lat': 49.2774694, 'lng': -123.1272225}]",CA,Vancouver,BC,Canada,"['756 Davie St (at Howe St.)', 'Vancouver BC V6G 1B6', 'Canada']","[{'id': '4bf58dd8d48988d1e0931735', 'name': 'Coffee Shop', 'pluralName': 'Coffee Shops', 'shortName': 'Coffee Shop', 'icon': {'prefix': 'https://ss3.4sqi.net/img/categories_v2/food/coffeeshop_', 'suffix': '.png'}, 'primary': True}]",0,[],V6G 1B6,,,
25,e-0-4ca35b977f84224bcb18c458-25,0,"[{'summary': 'This spot is popular', 'type': 'general', 'reasonName': 'globalInteractionReason'}]",4ca35b977f84224bcb18c458,Tim Hortons,2747 Mountain Hwy,at E 27th St.,49.3337508,-123.0381971,"[{'label': 'display', 'lat': 49.3337508, 'lng': -123.0381971}]",CA,North Vancouver,BC,Canada,"['2747 Mountain Hwy (at E 27th St.)', 'North Vancouver BC V7J 2N7', 'Canada']","[{'id': '4bf58dd8d48988d1e0931735', 'name': 'Coffee Shop', 'pluralName': 'Coffee Shops', 'shortName': 'Coffee Shop', 'icon': {'prefix': 'https://ss3.4sqi.net/img/categories_v2/food/coffeeshop_', 'suffix': '.png'}, 'primary': True}]",0,[],V7J 2N7,,,
26,e-0-556ce39f498e5cf79275c731-26,0,"[{'summary': 'This spot is popular', 'type': 'general', 'reasonName': 'globalInteractionReason'}]",556ce39f498e5cf79275c731,Tim Hortons,3451 Kingsway,Tyne St,49.232265190821444,-123.0311881005764,"[{'label': 'display', 'lat': 49.232265190821444, 'lng': -123.0311881005764}]",CA,Vancouver,BC,Canada,"['3451 Kingsway (Tyne St)', 'Vancouver BC V5R 5L3', 'Canada']","[{'id': '4bf58dd8d48988d1e0931735', 'name': 'Coffee Shop', 'pluralName': 'Coffee Shops', 'shortName': 'Coffee Shop', 'icon': {'prefix': 'https://ss3.4sqi.net/img/categories_v2/food/coffeeshop_', 'suffix': '.png'}, 'primary': True}]",0,[],V5R 5L3,,,
27,e-0-4b3275d7f964a5204f0c25e3-27,0,"[{'summary': 'This spot is popular', 'type': 'general', 'reasonName': 'globalInteractionReason'}]",4b3275d7f964a5204f0c25e3,Tim Hortons,3463 Dunbar St,,49.25608894224543,-123.18558706909243,"[{'label': 'display', 'lat': 49.25608894224543, 'lng': -123.18558706909243}]",CA,Vancouver,BC,Canada,"['3463 Dunbar St', 'Vancouver BC V6S 2C3', 'Canada']","[{'id': '4bf58dd8d48988d1e0931735', 'name': 'Coffee Shop', 'pluralName': 'Coffee Shops', 'shortName': 'Coffee Shop', 'icon': {'prefix': 'https://ss3.4sqi.net/img/categories_v2/food/coffeeshop_', 'suffix': '.png'}, 'primary': True}]",0,[],V6S 2C3,,,
28,e-0-58b092e0951e7d0a63d71bed-28,0,"[{'summary': 'This spot is popular', 'type': 'general', 'reasonName': 'globalInteractionReason'}]",58b092e0951e7d0a63d71bed,Loafe Café,6163 University Boulevard,,49.265903,-123.250335,"[{'label': 'display', 'lat': 49.265903, 'lng': -123.250335}]",CA,Vancouver,BC,Canada,"['6163 University Boulevard', 'Vancouver BC V6T 1Z1', 'Canada']","[{'id': '4bf58dd8d48988d1e0931735', 'name': 'Coffee Shop', 'pluralName': 'Coffee Shops', 'shortName': 'Coffee Shop', 'icon': {'prefix': 'https://ss3.4sqi.net/img/categories_v2/food/coffeeshop_', 'suffix': '.png'}, 'primary': True}]",0,[],V6T 1Z1,,,
29,e-0-4b9c01a1f964a520f83f36e3-29,0,"[{'summary': 'This spot is popular', 'type': 'general', 'reasonName': 'globalInteractionReason'}]",4b9c01a1f964a520f83f36e3,Tim Hortons / Esso,2001 Kingsway,at Victoria Dr,49.2455325224701,-123.064790815114,"[{'label': 'display', 'lat': 49.2455325224701, 'lng': -123.064790815114}]",CA,Vancouver,BC,Canada,"['2001 Kingsway (at Victoria Dr)', 'Vancouver BC V5N 2T2', 'Canada']","[{'id': '4bf58dd8d48988d1e0931735', 'name': 'Coffee Shop', 'pluralName': 'Coffee Shops', 'shortName': 'Coffee Shop', 'icon': {'prefix': 'https://ss3.4sqi.net/img/categories_v2/food/coffeeshop_', 'suffix': '.png'}, 'primary': True}]",0,[],V5N 2T2,,,
30,e-0-59ab21ff46e1b601b125e9a3-30,0,"[{'summary': 'This spot is popular', 'type': 'general', 'reasonName': 'globalInteractionReason'}]",59ab21ff46e1b601b125e9a3,La Forêt,6848 Jubilee Ave,Imperial,49.221475020408,-122.99539477244912,"[{'label': 'display', 'lat': 49.221475020408, 'lng': -122.99539477244912}]",CA,Burnaby,BC,Canada,"['6848 Jubilee Ave (Imperial)', 'Burnaby BC V5J 4B3', 'Canada']","[{'id': '4bf58dd8d48988d1e0931735', 'name': 'Coffee Shop', 'pluralName': 'Coffee Shops', 'shortName': 'Coffee Shop', 'icon': {'prefix': 'https://ss3.4sqi.net/img/categories_v2/food/coffeeshop_', 'suffix': '.png'}, 'primary': True}]",0,[],V5J 4B3,,,
31,e-0-4aa9212ff964a520185220e3-31,0,"[{'summary': 'This spot is popular', 'type': 'general', 'reasonName': 'globalInteractionReason'}]",4aa9212ff964a520185220e3,Starbucks,2035 Yukon St,at W 2nd Ave,49.267179,-123.113134,"[{'label': 'display', 'lat': 49.267179, 'lng': -123.113134}]",CA,Vancouver,BC,Canada,"['2035 Yukon St (at W 2nd Ave)', 'Vancouver BC V5Y 3W3', 'Canada']","[{'id': '4bf58dd8d48988d1e0931735', 'name': 'Coffee Shop', 'pluralName': 'Coffee Shops', 'shortName': 'Coffee Shop', 'icon': {'prefix': 'https://ss3.4sqi.net/img/categories_v2/food/coffeeshop_', 'suffix': '.png'}, 'primary': True}]",0,[],V5Y 3W3,,,
32,e-0-4d5938db8492a14357992427-32,0,"[{'summary': 'This spot is popular', 'type': 'general', 'reasonName': 'globalInteractionReason'}]",4d5938db8492a14357992427,Tim Hortons,7089 Lougheed Hwy,,49.2590297,-122.9568103,"[{'label': 'display', 'lat': 49.2590297, 'lng': -122.9568103}]",CA,Burnaby,BC,Canada,"['7089 Lougheed Hwy', 'Burnaby BC V5A 1W1', 'Canada']","[{'id': '4bf58dd8d48988d1e0931735', 'name': 'Coffee Shop', 'pluralName': 'Coffee Shops', 'shortName': 'Coffee Shop', 'icon': {'prefix': 'https://ss3.4sqi.net/img/categories_v2/food/coffeeshop_', 'suffix': '.png'}, 'primary': True}]",0,[],V5A 1W1,,,
33,e-0-4c97322415829521f2262fa8-33,0,"[{'summary': 'This spot is popular', 'type': 'general', 'reasonName': 'globalInteractionReason'}]",4c97322415829521f2262fa8,Tim Hortons,6525 Oak St,49th,49.22624765962016,-123.12898479402065,"[{'label': 'display', 'lat': 49.22624765962016, 'lng': -123.12898479402065}]",CA,Vancouver,BC,Canada,"['6525 Oak St (49th)', 'Vancouver BC V6P 3Z3', 'Canada']","[{'id': '4bf58dd8d48988d1e0931735', 'name': 'Coffee Shop', 'pluralName': 'Coffee Shops', 'shortName': 'Coffee Shop', 'icon': {'prefix': 'https://ss3.4sqi.net/img/categories_v2/food/coffeeshop_', 'suffix': '.png'}, 'primary': True}]",0,[],V6P 3Z3,,,
34,e-0-4aefd2edf964a52048da21e3-34,0,"[{'summary': 'This spot is popular', 'type': 'general', 'reasonName': 'globalInteractionReason'}]",4aefd2edf964a52048da21e3,Caffe Perugia,2350 Health Sciences Mall,Agronomy Rd,49.26219099291395,-123.24510168554895,"[{'label': 'display', 'lat': 49.26219099291395, 'lng': -123.24510168554895}]",CA,Vancouver,BC,Canada,"['2350 Health Sciences Mall (Agronomy Rd)', 'Vancouver BC', 'Canada']","[{'id': '4bf58dd8d48988d1e0931735', 'name': 'Coffee Shop', 'pluralName': 'Coffee Shops', 'shortName': 'Coffee Shop', 'icon': {'prefix': 'https://ss3.4sqi.net/img/categories_v2/food/coffeeshop_', 'suffix': '.png'}, 'primary': True}]",0,[],,,,
35,e-0-4be7566c2457a59318e0ad15-35,0,"[{'summary': 'This spot is popular', 'type': 'general', 'reasonName': 'globalInteractionReason'}]",4be7566c2457a59318e0ad15,Tim Hortons,Vancouver International Airport (YVR),"after Security, Gate C28",49.194810371893844,-123.18424446600761,"[{'label': 'display', 'lat': 49.194810371893844, 'lng': -123.18424446600761}]",CA,Richmond,BC,Canada,"['Vancouver International Airport (YVR) (after Security, Gate C28)', 'Richmond BC', 'Canada']","[{'id': '4bf58dd8d48988d1e0931735', 'name': 'Coffee Shop', 'pluralName': 'Coffee Shops', 'shortName': 'Coffee Shop', 'icon': {'prefix': 'https://ss3.4sqi.net/img/categories_v2/food/coffeeshop_', 'suffix': '.png'}, 'primary': True}]",0,[],,,,
36,e-0-5b9032b4345cbe00398a8d6a-36,0,"[{'summary': 'This spot is popular', 'type': 'general', 'reasonName': 'globalInteractionReason'}]",5b9032b4345cbe00398a8d6a,Matchstick Coffee Roasters,1328 Richards St,btwn Drake & Pacific,49.274582128506026,-123.126511995719,"[{'label': 'display', 'lat': 49.274582128506026, 'lng': -123.126511995719}]",CA,Vancouver,BC,Canada,"['1328 Richards St (btwn Drake & Pacific)', 'Vancouver BC V6B 3G6', 'Canada']","[{'id': '4bf58dd8d48988d16d941735', 'name': 'Café', 'pluralName': 'Cafés', 'shortName': 'Café', 'icon': {'prefix': 'https://ss3.4sqi.net/img/categories_v2/food/cafe_', 'suffix': '.png'}, 'primary': True}]",0,[],V6B 3G6,Financial District,,
37,e-0-4b27ee1bf964a5207c8c24e3-37,0,"[{'summary': 'This spot is popular', 'type': 'general', 'reasonName': 'globalInteractionReason'}]",4b27ee1bf964a5207c8c24e3,Tim Hortons,463 Robson St,Btw Richards & Homer,49.27995800089883,-123.11729368220904,"[{'label': 'display', 'lat': 49.27995800089883, 'lng': -123.11729368220904}]",CA,Vancouver,BC,Canada,"['463 Robson St (Btw Richards & Homer)', 'Vancouver BC V6B 6L9', 'Canada']","[{'id': '4bf58dd8d48988d1e0931735', 'name': 'Coffee Shop', 'pluralName': 'Coffee Shops', 'shortName': 'Coffee Shop', 'icon': {'prefix': 'https://ss3.4sqi.net/img/categories_v2/food/coffeeshop_', 'suffix': '.png'}, 'primary': True}]",0,[],V6B 6L9,,,
38,e-0-5633e914498ea3a0b61e4567-38,0,"[{'summary': 'This spot is popular', 'type': 'general', 'reasonName': 'globalInteractionReason'}]",5633e914498ea3a0b61e4567,Platform 7 Coffee,2300 West Broadway,Vine,49.263816242582784,-123.15764772708071,"[{'label': 'display', 'lat': 49.263816242582784, 'lng': -123.15764772708071}]",CA,Vancouver,BC,Canada,"['2300 West Broadway (Vine)', 'Vancouver BC', 'Canada']","[{'id': '4bf58dd8d48988d1e0931735', 'name': 'Coffee Shop', 'pluralName': 'Coffee Shops', 'shortName': 'Coffee Shop', 'icon': {'prefix': 'https://ss3.4sqi.net/img/categories_v2/food/coffeeshop_', 'suffix': '.png'}, 'primary': True}]",0,[],,,,
39,e-0-4abd14a1f964a520598820e3-39,0,"[{'summary': 'This spot is popular', 'type': 'general', 'reasonName': 'globalInteractionReason'}]",4abd14a1f964a520598820e3,Tim Hortons,"678 Dunsmuir, Unit 10",,49.2832521,-123.1156141,"[{'label': 'display', 'lat': 49.2832521, 'lng': -123.1156141}]",CA,Vancouver,BC,Canada,"['678 Dunsmuir, Unit 10', 'Vancouver BC V6B 1N3', 'Canada']","[{'id': '4bf58dd8d48988d1e0931735', 'name': 'Coffee Shop', 'pluralName': 'Coffee Shops', 'shortName': 'Coffee Shop', 'icon': {'prefix': 'https://ss3.4sqi.net/img/categories_v2/food/coffeeshop_', 'suffix': '.png'}, 'primary': True}]",0,[],V6B 1N3,,,
40,e-0-4aae51bff964a520d86120e3-40,0,"[{'summary': 'This spot is popular', 'type': 'general', 'reasonName': 'globalInteractionReason'}]",4aae51bff964a520d86120e3,Tim Hortons,4191 Lougheed Highway,btwn Gilmore & Madison Ave.,49.266539135049875,-123.0122879147529,"[{'label': 'display', 'lat': 49.266539135049875, 'lng': -123.0122879147529}]",CA,Burnaby,BC,Canada,"['4191 Lougheed Highway (btwn Gilmore & Madison Ave.)', 'Burnaby BC V5C 3Y6', 'Canada']","[{'id': '4bf58dd8d48988d1e0931735', 'name': 'Coffee Shop', 'pluralName': 'Coffee Shops', 'shortName': 'Coffee Shop', 'icon': {'prefix': 'https://ss3.4sqi.net/img/categories_v2/food/coffeeshop_', 'suffix': '.png'}, 'primary': True}]",0,[],V5C 3Y6,,,
41,e-0-4aa808b9f964a520e34e20e3-41,0,"[{'summary': 'This spot is popular', 'type': 'general', 'reasonName': 'globalInteractionReason'}]",4aa808b9f964a520e34e20e3,Tim Hortons,"132 Esplanade West, Unit 112",,49.3116295,-123.0803841,"[{'label': 'display', 'lat': 49.3116295, 'lng': -123.0803841}]",CA,North Vancouver,BC,Canada,"['132 Esplanade West, Unit 112', 'North Vancouver BC V7M 1A2', 'Canada']","[{'id': '4bf58dd8d48988d1e0931735', 'name': 'Coffee Shop', 'pluralName': 'Coffee Shops', 'shortName': 'Coffee Shop', 'icon': {'prefix': 'https://ss3.4sqi.net/img/categories_v2/food/coffeeshop_', 'suffix': '.png'}, 'primary': True}]",0,[],V7M 1A2,,,
42,e-0-4ab16be4f964a520696920e3-42,0,"[{'summary': 'This spot is popular', 'type': 'general', 'reasonName': 'globalInteractionReason'}]",4ab16be4f964a520696920e3,Tim Hortons,"750 West Pender St, Unit 104",at Pacific Centre,49.28488360989557,-123.1157460808754,"[{'label': 'display', 'lat': 49.28488360989557, 'lng': -123.1157460808754}]",CA,Vancouver,BC,Canada,"['750 West Pender St, Unit 104 (at Pacific Centre)', 'Vancouver BC V6C 2T7', 'Canada']","[{'id': '4bf58dd8d48988d1e0931735', 'name': 'Coffee Shop', 'pluralName': 'Coffee Shops', 'shortName': 'Coffee Shop', 'icon': {'prefix': 'https://ss3.4sqi.net/img/categories_v2/food/coffeeshop_', 'suffix': '.png'}, 'primary': True}]",0,[],V6C 2T7,,,
43,e-0-59dcfcc46f706a3090eebc38-43,0,"[{'summary': 'This spot is popular', 'type': 'general', 'reasonName': 'globalInteractionReason'}]",59dcfcc46f706a3090eebc38,Aperture Coffee Bar,4124 Main St,at E King Edward Ave,49.24847719965427,-123.10095080032406,"[{'label': 'display', 'lat': 49.24847719965427, 'lng': -123.10095080032406}]",CA,Vancouver,BC,Canada,"['4124 Main St (at E King Edward Ave)', 'Vancouver BC V5V 3P7', 'Canada']","[{'id': '4bf58dd8d48988d1e0931735', 'name': 'Coffee Shop', 'pluralName': 'Coffee Shops', 'shortName': 'Coffee Shop', 'icon': {'prefix': 'https://ss3.4sqi.net/img/categories_v2/food/coffeeshop_', 'suffix': '.png'}, 'primary': True}]",0,[],V5V 3P7,,,
44,e-0-5bfaf557d1a402002c3c369a-44,0,"[{'summary': 'This spot is popular', 'type': 'general', 'reasonName': 'globalInteractionReason'}]",5bfaf557d1a402002c3c369a,Tim Hortons,4065 Cambie Street,King Edward Avenue,49.2494593,-123.1157448,"[{'label': 'display', 'lat': 49.2494593, 'lng': -123.1157448}]",CA,Vancouver,BC,Canada,"['4065 Cambie Street (King Edward Avenue)', 'Vancouver BC V5Z 0G9', 'Canada']","[{'id': '4bf58dd8d48988d1e0931735', 'name': 'Coffee Shop', 'pluralName': 'Coffee Shops', 'shortName': 'Coffee Shop', 'icon': {'prefix': 'https://ss3.4sqi.net/img/categories_v2/food/coffeeshop_', 'suffix': '.png'}, 'primary': True}]",0,[],V5Z 0G9,,,
45,e-0-4b52080ef964a5209f6227e3-45,0,"[{'summary': 'This spot is popular', 'type': 'general', 'reasonName': 'globalInteractionReason'}]",4b52080ef964a5209f6227e3,Tim Hortons,3965 North Rd,Austin,49.2486728,-122.8935868,"[{'label': 'display', 'lat': 49.2486728, 'lng': -122.8935868}]",CA,Burnaby,BC,Canada,"['3965 North Rd (Austin)', 'Burnaby BC V3J 1S2', 'Canada']","[{'id': '4bf58dd8d48988d1e0931735', 'name': 'Coffee Shop', 'pluralName': 'Coffee Shops', 'shortName': 'Coffee Shop', 'icon': {'prefix': 'https://ss3.4sqi.net/img/categories_v2/food/coffeeshop_', 'suffix': '.png'}, 'primary': True}]",0,[],V3J 1S2,,,True
46,e-0-54dda808498ea9f8b3f6b57e-46,0,"[{'summary': 'This spot is popular', 'type': 'general', 'reasonName': 'globalInteractionReason'}]",54dda808498ea9f8b3f6b57e,Tim Hortons,6123 Hasting St,,49.2805647,-122.9749041,"[{'label': 'display', 'lat': 49.2805647, 'lng': -122.9749041}]",CA,Burnaby,BC,Canada,"['6123 Hasting St', 'Burnaby BC V5B 1R9', 'Canada']","[{'id': '4bf58dd8d48988d1e0931735', 'name': 'Coffee Shop', 'pluralName': 'Coffee Shops', 'shortName': 'Coffee Shop', 'icon': {'prefix': 'https://ss3.4sqi.net/img/categories_v2/food/coffeeshop_', 'suffix': '.png'}, 'primary': True}]",0,[],V5B 1R9,,,
47,e-0-5647b515498eb29cddab5e62-47,0,"[{'summary': 'This spot is popular', 'type': 'general', 'reasonName': 'globalInteractionReason'}]",5647b515498eb29cddab5e62,Andrew's on Eighth,279 8th St E,,49.315128504751215,-123.06648741487533,"[{'label': 'display', 'lat': 49.315128504751215, 'lng': -123.06648741487533}]",CA,North Vancouver,BC,Canada,"['279 8th St E', 'North Vancouver BC', 'Canada']","[{'id': '4bf58dd8d48988d16d941735', 'name': 'Café', 'pluralName': 'Cafés', 'shortName': 'Café', 'icon': {'prefix': 'https://ss3.4sqi.net/img/categories_v2/food/cafe_', 'suffix': '.png'}, 'primary': True}]",0,[],,,,
48,e-0-4b421500f964a5206ecc25e3-48,0,"[{'summary': 'This spot is popular', 'type': 'general', 'reasonName': 'globalInteractionReason'}]",4b421500f964a5206ecc25e3,Tim Hortons,"1595 West Broadway, Unit 101",at Fir St,49.26378766302034,-123.14077645540237,"[{'label': 'display', 'lat': 49.26378766302034, 'lng': -123.14077645540237}]",CA,Vancouver,BC,Canada,"['1595 West Broadway, Unit 101 (at Fir St)', 'Vancouver BC V6J 1W6', 'Canada']","[{'id': '4bf58dd8d48988d1e0931735', 'name': 'Coffee Shop', 'pluralName': 'Coffee Shops', 'shortName': 'Coffee Shop', 'icon': {'prefix': 'https://ss3.4sqi.net/img/categories_v2/food/coffeeshop_', 'suffix': '.png'}, 'primary': True}]",0,[],V6J 1W6,,,
49,e-0-5a935e9092e7a92dfd1af4fb-49,0,"[{'summary': 'This spot is popular', 'type': 'general', 'reasonName': 'globalInteractionReason'}]",5a935e9092e7a92dfd1af4fb,Tim Hortons,8607 Glenlyon Parkway,Marine Way,49.205705901276666,-123.01054256815466,"[{'label': 'display', 'lat': 49.205705901276666, 'lng': -123.01054256815466}]",CA,Burnaby,BC,Canada,"['8607 Glenlyon Parkway (Marine Way)', 'Burnaby BC V5J 0B6', 'Canada']","[{'id': '4bf58dd8d48988d1e0931735', 'name': 'Coffee Shop', 'pluralName': 'Coffee Shops', 'shortName': 'Coffee Shop', 'icon': {'prefix': 'https://ss3.4sqi.net/img/categories_v2/food/coffeeshop_', 'suffix': '.png'}, 'primary': True}]",0,[],V5J 0B6,,,
